tag,title,group,is_essay,min,median,mean,max
.,The_Sense_of_the_Past_1,1,False,0.14123867069486404,0.15614468658728375,0.15251320242738262,0.16015625
.,Shame_and_Necessity,0,False,0.13661947625083246,0.13688900230735696,0.13777304390306291,0.13981065315099933
.,Shame_and_Necessity_3,3,False,0.13661947625083246,0.13688900230735696,0.13777304390306291,0.13981065315099933
.,The_Sense_of_the_Past,0,False,0.11607956153668013,0.1317337469197843,0.1275544992124541,0.13485018918089783
.,The_Sense_of_the_Past_3,3,False,0.1149242684093658,0.13165748084419948,0.12687986336713955,0.1340578408478534
.,Descartes,0,False,0.11688131331588872,0.12945868696590546,0.1270686167626677,0.13486585000620896
.,Descartes_2,2,False,0.11688131331588872,0.12945868696590546,0.1270686167626677,0.13486585000620896
.,The_Sense_of_the_Past_2,2,False,0.1131613766023133,0.127267099098085,0.12392431256334052,0.13134446198962327
.,Philosophy_as_a_Humanistic_Discipline_1,1,False,0.11085177027515697,0.12599196629763887,0.1218423911193867,0.12868343678536426
.,Truth_and_Truthfulness,0,False,0.11034276689290136,0.12456740088105726,0.12066580625102517,0.12708725097911688
.,Truth_and_Truthfulness_3,3,False,0.11034276689290136,0.12456740088105726,0.12066580625102517,0.12708725097911688
.,Philosophy_as_a_Humanistic_Discipline,0,False,0.10781818824444209,0.11989802622933586,0.11673611368172465,0.12249212657139599
.,Essays_and_Reviews_3,3,True,0.10570155522760813,0.11988509955222619,0.11619635415019629,0.12300240767075454
.,Essays_and_Reviews_2,2,True,0.10484132887720143,0.11881855315266748,0.11542965554711491,0.1226290846114758
.,Essays_and_Reviews,0,True,0.10470830764133666,0.11855975364207036,0.11520076910318287,0.12233424602614158
.,In_the_Beginning_Was_the_Deed_3,3,False,0.10837104650865485,0.11845415046878573,0.11571502226398389,0.12031986981451111
.,Making_Sense_of_Humanity,0,False,0.11368353568137196,0.11837722081218274,0.11757714648234323,0.12067068295347494
.,Making_Sense_of_Humanity_3,3,False,0.11368353568137196,0.11837722081218274,0.11757714648234323,0.12067068295347494
.,Ethics_and_the_Limits_of_Philosophy,0,False,0.1066055282396921,0.1183545518520888,0.1151895239558113,0.120608491775653
.,Ethics_and_the_Limits_of_Philosophy_2,2,False,0.1066055282396921,0.1183545518520888,0.1151895239558113,0.120608491775653
.,Morality,0,False,0.10891494861610239,0.11835002652188836,0.11635275011864117,0.12179327521793275
.,Morality_1,1,False,0.10891494861610239,0.11835002652188836,0.11635275011864117,0.12179327521793275
.,Philosophy_as_a_Humanistic_Discipline_3,3,False,0.10588505747126437,0.1177409789699375,0.11434558421042394,0.11941071619006993
.,Problems_of_the_Self,0,False,0.11359427270531224,0.11759142269232158,0.11846254508075776,0.12420193984463948
.,Problems_of_the_Self_1,1,False,0.11359427270531224,0.11759142269232158,0.11846254508075776,0.12420193984463948
.,Philosophy_as_a_Humanistic_Discipline_2,2,False,0.10975261383762784,0.11737882114507685,0.11678063201185786,0.1232104610528689
.,In_the_Beginning_Was_the_Deed,0,False,0.10716191211360979,0.11699007220216606,0.11434628874347642,0.11888688191465342
.,Essays_and_Reviews_1,1,True,0.1030994026888729,0.11627147304100534,0.11341568019573774,0.120876164857335
.,Moral_Luck,0,False,0.11028233476671931,0.1143423887641218,0.11480579960568392,0.11979267528621063
.,Moral_Luck_2,2,False,0.11028233476671931,0.1143423887641218,0.11480579960568392,0.11979267528621063
.,Utilitarianism_For_and_Against,0,False,0.10076818798011748,0.10630987088713036,0.10633505762428659,0.11192711400561195
.,Utilitarianism_For_and_Against_1,1,False,0.10076818798011748,0.10630987088713036,0.10633505762428659,0.11192711400561195
.,In_the_Beginning_Was_the_Deed_1,1,False,0.09757827540784274,0.10537981059842837,0.10349535044644524,0.10752796533306459
.,Obscenity_and_Film_Censorship,0,False,0.0822630995597043,0.08954665047561222,0.08767962836280911,0.09122913505311077
.,Obscenity_and_Film_Censorship_2,2,False,0.0822630995597043,0.08954665047561222,0.08767962836280911,0.09122913505311077
ADJ,Philosophy_as_a_Humanistic_Discipline_2,2,False,0.08562742779935821,0.08843422387554954,0.08822489647995412,0.09061303776495458
ADJ,Morality,0,False,0.08574370495179257,0.08700586343862304,0.08686920025633198,0.08785803237858032
ADJ,Morality_1,1,False,0.08574370495179257,0.08700586343862304,0.08686920025633198,0.08785803237858032
ADJ,Essays_and_Reviews_1,1,True,0.08570001152914954,0.0870016332020367,0.08741331487731956,0.08953829990077242
ADJ,Utilitarianism_For_and_Against,0,False,0.083784534221852,0.08577268160875741,0.08511466673886015,0.08578678438597101
ADJ,Utilitarianism_For_and_Against_1,1,False,0.083784534221852,0.08577268160875741,0.08511466673886015,0.08578678438597101
ADJ,Essays_and_Reviews,0,True,0.08376534042766424,0.08457063194485574,0.08509716459144556,0.0869555214018167
ADJ,Essays_and_Reviews_2,2,True,0.08419208360115284,0.0843314770452872,0.08521620739921165,0.08712506155119489
ADJ,In_the_Beginning_Was_the_Deed_1,1,False,0.08344250730625818,0.0840217610316341,0.08520636552932276,0.08815482825007599
ADJ,Essays_and_Reviews_3,3,True,0.08176800247824495,0.08311392084254396,0.08324137671823625,0.08484220683391985
ADJ,In_the_Beginning_Was_the_Deed,0,False,0.08174638989169675,0.08206141341160533,0.08310721564742211,0.08551384363896425
ADJ,In_the_Beginning_Was_the_Deed_3,3,False,0.08145946083288869,0.08188718105190892,0.08284242720084135,0.08518063971772646
ADJ,Making_Sense_of_Humanity,0,False,0.07876744923857867,0.08042337257261378,0.07988574134099892,0.0804664022118043
ADJ,Making_Sense_of_Humanity_3,3,False,0.07876744923857867,0.08042337257261378,0.07988574134099892,0.0804664022118043
ADJ,Ethics_and_the_Limits_of_Philosophy,0,False,0.08032934022053706,0.08038056243545336,0.0812173044087696,0.0829420105703184
ADJ,Ethics_and_the_Limits_of_Philosophy_2,2,False,0.08032934022053706,0.08038056243545336,0.0812173044087696,0.0829420105703184
ADJ,Philosophy_as_a_Humanistic_Discipline_3,3,False,0.07572647233246659,0.07649415743688966,0.07709014606615834,0.07904980842911877
ADJ,Philosophy_as_a_Humanistic_Discipline,0,False,0.07507862668313665,0.07615513505452184,0.07668983872151618,0.07883575442689005
ADJ,Obscenity_and_Film_Censorship,0,False,0.07501517911353978,0.07543753161355589,0.07571110274256011,0.07668059750058469
ADJ,Obscenity_and_Film_Censorship_2,2,False,0.07501517911353978,0.07543753161355589,0.07571110274256011,0.07668059750058469
ADJ,The_Sense_of_the_Past_2,2,False,0.07343360864487625,0.07531581321903903,0.07537665027430912,0.07738052895901208
ADJ,Moral_Luck,0,False,0.07314264868500553,0.07479637751324258,0.07461054200229127,0.07589259980862569
ADJ,Moral_Luck_2,2,False,0.07314264868500553,0.07479637751324258,0.07461054200229127,0.07589259980862569
ADJ,The_Sense_of_the_Past_1,1,False,0.0712890625,0.07129484011083652,0.07199926663060109,0.07341389728096677
ADJ,The_Sense_of_the_Past,0,False,0.07053757735614181,0.07119848655281726,0.07174166217819757,0.07348892262563364
ADJ,Truth_and_Truthfulness,0,False,0.0693920704845815,0.06973291670790505,0.07082209617997821,0.0733413013474481
ADJ,Truth_and_Truthfulness_3,3,False,0.0693920704845815,0.06973291670790505,0.07082209617997821,0.0733413013474481
ADJ,Problems_of_the_Self,0,False,0.06842352261651204,0.06925648896767406,0.06952037982491167,0.07088112789054894
ADJ,Problems_of_the_Self_1,1,False,0.06842352261651204,0.06925648896767406,0.06952037982491167,0.07088112789054894
ADJ,The_Sense_of_the_Past_3,3,False,0.06856475660140111,0.0686024107182865,0.0694016746961978,0.07103785676890582
ADJ,Philosophy_as_a_Humanistic_Discipline_1,1,False,0.06760066620946409,0.068343678536426,0.06918144386540463,0.07159998685032382
ADJ,Descartes,0,False,0.06596103696886026,0.06675270510689182,0.06746896737749047,0.06969316005671934
ADJ,Descartes_2,2,False,0.06596103696886026,0.06675270510689182,0.06746896737749047,0.06969316005671934
ADJ,Shame_and_Necessity,0,False,0.06423129642026075,0.06441460121003328,0.06481942246373039,0.06581236976089712
ADJ,Shame_and_Necessity_3,3,False,0.06423129642026075,0.06441460121003328,0.06481942246373039,0.06581236976089712
ADP,In_the_Beginning_Was_the_Deed_1,1,False,0.12818704020961402,0.14388489208633093,0.1414328027392555,0.15222647592182148
ADP,Obscenity_and_Film_Censorship,0,False,0.12621143146181082,0.139359181639771,0.1390666126516168,0.15162922485326857
ADP,Obscenity_and_Film_Censorship_2,2,False,0.12621143146181082,0.139359181639771,0.1390666126516168,0.15162922485326857
ADP,Utilitarianism_For_and_Against,0,False,0.11729656701423771,0.13653585456567832,0.13277360972928573,0.14448840760794113
ADP,Utilitarianism_For_and_Against_1,1,False,0.11729656701423771,0.13653585456567832,0.13277360972928573,0.14448840760794113
ADP,Morality,0,False,0.11061643835616439,0.13369270537797112,0.12792769142599675,0.13947393054385473
ADP,Morality_1,1,False,0.11061643835616439,0.13369270537797112,0.12792769142599675,0.13947393054385473
ADP,Moral_Luck,0,False,0.11241100415788574,0.13310891043451195,0.12885753139050274,0.14105267957911058
ADP,Moral_Luck_2,2,False,0.11241100415788574,0.13310891043451195,0.12885753139050274,0.14105267957911058
ADP,Philosophy_as_a_Humanistic_Discipline_1,1,False,0.10947402809539367,0.13271310693974162,0.12706979155819945,0.1390222396394631
ADP,Essays_and_Reviews_1,1,True,0.11830146988183303,0.13269256960522988,0.13055629301324398,0.140674839552669
ADP,Philosophy_as_a_Humanistic_Discipline_2,2,False,0.1132341336940593,0.13266297206193223,0.12831673121176373,0.13905308787929968
ADP,In_the_Beginning_Was_the_Deed,0,False,0.11612102054639874,0.1323177169063809,0.12969167301374243,0.14063628158844765
ADP,Problems_of_the_Self,0,False,0.10672748497557179,0.1317482742718269,0.12522793409277874,0.1372080430309375
ADP,Problems_of_the_Self_1,1,False,0.10672748497557179,0.1317482742718269,0.12522793409277874,0.1372080430309375
ADP,The_Sense_of_the_Past_2,2,False,0.11455278592375366,0.1313149995020558,0.12813979156054137,0.1385515892558146
ADP,In_the_Beginning_Was_the_Deed_3,3,False,0.11459882782206288,0.13085832630206337,0.12821062932357002,0.13917473384658383
ADP,Philosophy_as_a_Humanistic_Discipline,0,False,0.10970164311217552,0.13014703283497686,0.12558661729564977,0.13691117593979693
ADP,Essays_and_Reviews,0,True,0.11509041125846822,0.13002144323065737,0.12734030022404216,0.13690904618300093
ADP,The_Sense_of_the_Past_1,1,False,0.11117788461538461,0.1299093655589124,0.12559569763542244,0.13569984273197033
ADP,Essays_and_Reviews_3,3,True,0.1131323655717162,0.12959757066636396,0.1263679377611121,0.13637387704525614
ADP,Essays_and_Reviews_2,2,True,0.11479948978004542,0.12889605967584783,0.12632228641625218,0.13527130979286323
ADP,Descartes,0,False,0.10548652656337884,0.1283932930840411,0.12321032632631501,0.13575115933152507
ADP,Descartes_2,2,False,0.10548652656337884,0.1283932930840411,0.12321032632631501,0.13575115933152507
ADP,Philosophy_as_a_Humanistic_Discipline_3,3,False,0.1088529685095751,0.12827586206896552,0.12415949842787265,0.1353496647050773
ADP,Truth_and_Truthfulness,0,False,0.10977420221414735,0.12802179821004253,0.12429793259367268,0.1350977973568282
ADP,Truth_and_Truthfulness_3,3,False,0.10977420221414735,0.12802179821004253,0.12429793259367268,0.1350977973568282
ADP,Making_Sense_of_Humanity,0,False,0.10919972450700212,0.12759546419842127,0.12383179302025112,0.13470019035532996
ADP,Making_Sense_of_Humanity_3,3,False,0.10919972450700212,0.12759546419842127,0.12383179302025112,0.13470019035532996
ADP,The_Sense_of_the_Past,0,False,0.11037938439513242,0.12690734117283792,0.12385032284546849,0.13426424296843512
ADP,Shame_and_Necessity,0,False,0.11048420515762966,0.12534103847558486,0.1226962996798513,0.1322636554063394
ADP,Shame_and_Necessity_3,3,False,0.11048420515762966,0.12534103847558486,0.1226962996798513,0.1322636554063394
ADP,Ethics_and_the_Limits_of_Philosophy,0,False,0.10749349745393266,0.1250851702484209,0.12138899830918541,0.13158832722520267
ADP,Ethics_and_the_Limits_of_Philosophy_2,2,False,0.10749349745393266,0.1250851702484209,0.12138899830918541,0.13158832722520267
ADP,The_Sense_of_the_Past_3,3,False,0.1076252918986887,0.12375209864062246,0.12091304423631921,0.13136174216964647
ADV,Morality,0,False,0.05675591531755916,0.06620011348590883,0.06473023357070264,0.0712346719086399
ADV,Morality_1,1,False,0.05675591531755916,0.06620011348590883,0.06473023357070264,0.0712346719086399
ADV,Essays_and_Reviews_2,2,True,0.0533760590693671,0.06415991786189483,0.06156836917910961,0.06716913060606688
ADV,The_Sense_of_the_Past_2,2,False,0.05392792691179788,0.06379376573859352,0.06174388249476329,0.06750995483389849
ADV,Problems_of_the_Self,0,False,0.05072275786530618,0.06361952726394308,0.06050799177364637,0.06718169019168983
ADV,Problems_of_the_Self_1,1,False,0.05072275786530618,0.06361952726394308,0.06050799177364637,0.06718169019168983
ADV,Essays_and_Reviews_1,1,True,0.05577865308867326,0.06360293402338658,0.06264719877845983,0.06856000922331963
ADV,Essays_and_Reviews,0,True,0.05320346063955316,0.06346920181485197,0.061264147688217065,0.06711978061024608
ADV,Utilitarianism_For_and_Against,0,False,0.05521876190806111,0.06336681845041538,0.06211170971919599,0.06774954879911148
ADV,Utilitarianism_For_and_Against_1,1,False,0.05521876190806111,0.06336681845041538,0.06211170971919599,0.06774954879911148
ADV,In_the_Beginning_Was_the_Deed_1,1,False,0.052705834928952935,0.06282298105177829,0.0608751100619497,0.06709651420511788
ADV,In_the_Beginning_Was_the_Deed,0,False,0.051625649130729284,0.0627305854173525,0.060305868796412344,0.06656137184115524
ADV,In_the_Beginning_Was_the_Deed_3,3,False,0.05148937793203402,0.06271892817877324,0.060234065126940926,0.0664938892700155
ADV,Making_Sense_of_Humanity,0,False,0.049097918761231485,0.06259566454301399,0.05913792032307336,0.06572017766497462
ADV,Making_Sense_of_Humanity_3,3,False,0.049097918761231485,0.06259566454301399,0.05913792032307336,0.06572017766497462
ADV,Essays_and_Reviews_3,3,True,0.05108204384495164,0.06243614485185606,0.05983851382686966,0.06599735278380128
ADV,Descartes,0,False,0.051527038181433026,0.06241320332714488,0.06003411458769223,0.06616210225449878
ADV,Descartes_2,2,False,0.051527038181433026,0.06241320332714488,0.06003411458769223,0.06616210225449878
ADV,Philosophy_as_a_Humanistic_Discipline_3,3,False,0.049772239065189905,0.06228352490421456,0.05942613732098569,0.06622264799355261
ADV,Moral_Luck,0,False,0.050942643959674204,0.06182774005372315,0.059512402540199204,0.06576682360720026
ADV,Moral_Luck_2,2,False,0.050942643959674204,0.06182774005372315,0.059512402540199204,0.06576682360720026
ADV,Philosophy_as_a_Humanistic_Discipline,0,False,0.04885473414567817,0.06073056939879122,0.058269405952238625,0.06522291431224649
ADV,The_Sense_of_the_Past,0,False,0.049181920441762964,0.060340169312713895,0.057502997805687926,0.06298690366258693
ADV,Philosophy_as_a_Humanistic_Discipline_1,1,False,0.048578895785690954,0.05999539761333377,0.05823512663609436,0.06613108650925835
ADV,Ethics_and_the_Limits_of_Philosophy,0,False,0.0457284683298531,0.05861554610242528,0.05550328567814448,0.06216584260215506
ADV,Ethics_and_the_Limits_of_Philosophy_2,2,False,0.0457284683298531,0.05861554610242528,0.05550328567814448,0.06216584260215506
ADV,The_Sense_of_the_Past_3,3,False,0.04639841925633196,0.058563356380770135,0.05516320812076306,0.06052784872518708
ADV,Truth_and_Truthfulness,0,False,0.04683501350262276,0.05791038829840213,0.05536740999828583,0.0613568281938326
ADV,Truth_and_Truthfulness_3,3,False,0.04683501350262276,0.05791038829840213,0.05536740999828583,0.0613568281938326
ADV,The_Sense_of_the_Past_1,1,False,0.04717548076923077,0.056873111782477344,0.05450362855645319,0.059462293117651464
ADV,Philosophy_as_a_Humanistic_Discipline_2,2,False,0.045936196595648744,0.05621893389704622,0.05403707299708647,0.05995608849856443
ADV,Shame_and_Necessity,0,False,0.043107753445326365,0.05565103439386453,0.052299976678016974,0.05814114219486002
ADV,Shame_and_Necessity_3,3,False,0.043107753445326365,0.05565103439386453,0.052299976678016974,0.05814114219486002
ADV,Obscenity_and_Film_Censorship,0,False,0.040647445624683864,0.049581566557863804,0.04738727310220387,0.05193280712406396
ADV,Obscenity_and_Film_Censorship_2,2,False,0.040647445624683864,0.049581566557863804,0.04738727310220387,0.05193280712406396
CONJ,Essays_and_Reviews_1,1,True,0.0331536860128023,0.03404942162099842,0.042729597699434206,0.06098568546450187
CONJ,Philosophy_as_a_Humanistic_Discipline_1,1,False,0.03284131628258654,0.033930962411417,0.04518021834720079,0.06876837634759883
CONJ,Essays_and_Reviews,0,True,0.033181788899216816,0.0338651044561266,0.04294150102403497,0.0617776097167615
CONJ,Essays_and_Reviews_2,2,True,0.03316954604029377,0.033817827448215806,0.0427759472016492,0.061340468116438
CONJ,Essays_and_Reviews_3,3,True,0.0332188670677716,0.03379424934523642,0.04332151822649503,0.06295143826647706
CONJ,In_the_Beginning_Was_the_Deed_1,1,False,0.03293140135778701,0.03374974813620794,0.04291971669955027,0.06207800060465585
CONJ,Philosophy_as_a_Humanistic_Discipline_2,2,False,0.03319430954693481,0.033327703653662104,0.04327271555640083,0.06329613346860558
CONJ,Morality,0,False,0.03259567492591892,0.03288714156447939,0.043652013965043514,0.06547322540473226
CONJ,Morality_1,1,False,0.03259567492591892,0.03288714156447939,0.043652013965043514,0.06547322540473226
CONJ,The_Sense_of_the_Past_2,2,False,0.03196801775526754,0.032854469474187784,0.04206016135710771,0.06135799684186781
CONJ,The_Sense_of_the_Past,0,False,0.031623909631268814,0.03226892642684775,0.04174789664288516,0.06135085387053891
CONJ,The_Sense_of_the_Past_3,3,False,0.031772967703500445,0.03224447730429717,0.041885822187797704,0.061640021555595476
CONJ,Philosophy_as_a_Humanistic_Discipline,0,False,0.03113844413812604,0.03172225288443849,0.042490353666222634,0.06461036397610338
CONJ,Shame_and_Necessity,0,False,0.031149970998302863,0.03159058768488096,0.04072658116431127,0.05943918480974998
CONJ,Shame_and_Necessity_3,3,False,0.031149970998302863,0.03159058768488096,0.04072658116431127,0.05943918480974998
CONJ,Truth_and_Truthfulness,0,False,0.03126734110214709,0.03150660792951542,0.04188788389706145,0.06288970265952182
CONJ,Truth_and_Truthfulness_3,3,False,0.03126734110214709,0.03150660792951542,0.04188788389706145,0.06288970265952182
CONJ,Philosophy_as_a_Humanistic_Discipline_3,3,False,0.029793103448275862,0.030260176695102108,0.04102661149281772,0.06302655433507519
CONJ,In_the_Beginning_Was_the_Deed,0,False,0.029594396703408975,0.030178249097472923,0.039785734044713326,0.05958455633325807
CONJ,Utilitarianism_For_and_Against,0,False,0.029684730091417845,0.030056920727474665,0.04050256041141523,0.06176603041535317
CONJ,Utilitarianism_For_and_Against_1,1,False,0.029684730091417845,0.030056920727474665,0.04050256041141523,0.06176603041535317
CONJ,Obscenity_and_Film_Censorship,0,False,0.029488626541797586,0.02999392835458409,0.039709494356794224,0.05964592817400101
CONJ,Obscenity_and_Film_Censorship_2,2,False,0.029488626541797586,0.02999392835458409,0.039709494356794224,0.05964592817400101
CONJ,Ethics_and_the_Limits_of_Philosophy,0,False,0.02953796291180966,0.02993136349927342,0.039950473227135276,0.06038209327032275
CONJ,Ethics_and_the_Limits_of_Philosophy_2,2,False,0.02953796291180966,0.02993136349927342,0.039950473227135276,0.06038209327032275
CONJ,Making_Sense_of_Humanity,0,False,0.02972312377288937,0.02986992385786802,0.04005661376797273,0.06057679367316081
CONJ,Making_Sense_of_Humanity_3,3,False,0.02972312377288937,0.02986992385786802,0.04005661376797273,0.06057679367316081
CONJ,In_the_Beginning_Was_the_Deed_3,3,False,0.029173378333461175,0.02972787560027441,0.0393904163251664,0.059269995041763605
CONJ,The_Sense_of_the_Past_1,1,False,0.028549848942598186,0.029356698869167978,0.03893359286033231,0.05889423076923077
CONJ,Problems_of_the_Self,0,False,0.0287828766772321,0.029017002996281724,0.04066352607311698,0.06419069854583712
CONJ,Problems_of_the_Self_1,1,False,0.0287828766772321,0.029017002996281724,0.04066352607311698,0.06419069854583712
CONJ,Moral_Luck,0,False,0.02868309104114548,0.028842098063133415,0.03953161597660619,0.06106965882553967
CONJ,Moral_Luck_2,2,False,0.02868309104114548,0.028842098063133415,0.03953161597660619,0.06106965882553967
CONJ,Descartes,0,False,0.02669317467510635,0.026956280806136438,0.038474974995986476,0.06177546950671663
CONJ,Descartes_2,2,False,0.02669317467510635,0.026956280806136438,0.038474974995986476,0.06177546950671663
DET,In_the_Beginning_Was_the_Deed_1,1,False,0.0952332963821425,0.12270746782855406,0.11361676491219604,0.1229095305258916
DET,Obscenity_and_Film_Censorship,0,False,0.10065756196256954,0.12182870158526789,0.1148083807724391,0.12193887876947987
DET,Obscenity_and_Film_Censorship_2,2,False,0.10065756196256954,0.12182870158526789,0.1148083807724391,0.12193887876947987
DET,Moral_Luck,0,False,0.09358090789998291,0.12164950830633725,0.11241121033908351,0.12200321481093036
DET,Moral_Luck_2,2,False,0.09358090789998291,0.12164950830633725,0.11241121033908351,0.12200321481093036
DET,Making_Sense_of_Humanity,0,False,0.09312929963030106,0.11869215049885803,0.1105949884525285,0.1199635152284264
DET,Making_Sense_of_Humanity_3,3,False,0.09312929963030106,0.11869215049885803,0.1105949884525285,0.1199635152284264
DET,In_the_Beginning_Was_the_Deed,0,False,0.09263942199142018,0.1182867716338786,0.10991462771866156,0.11881768953068592
DET,Problems_of_the_Self,0,False,0.09023304077132605,0.11828649649730252,0.10919942362945116,0.11907873361972492
DET,Problems_of_the_Self_1,1,False,0.09023304077132605,0.11828649649730252,0.10919942362945116,0.11907873361972492
DET,In_the_Beginning_Was_the_Deed_3,3,False,0.09231219090481457,0.11772902763928307,0.1094476394562598,0.11830169982468176
DET,Truth_and_Truthfulness,0,False,0.09208647334115684,0.11703732160896971,0.10899133840481458,0.11785022026431718
DET,Truth_and_Truthfulness_3,3,False,0.09208647334115684,0.11703732160896971,0.10899133840481458,0.11785022026431718
DET,The_Sense_of_the_Past_2,2,False,0.0912897586284683,0.11612058785869767,0.10798525763058243,0.11654542640458133
DET,Philosophy_as_a_Humanistic_Discipline_3,3,False,0.08903243498529838,0.11549425287356321,0.10735159372120247,0.11752809330474583
DET,The_Sense_of_the_Past,0,False,0.09067900603333674,0.11509662146514679,0.10709010805685837,0.11549469667209158
DET,Utilitarianism_For_and_Against,0,False,0.08771261301832542,0.11491536028363863,0.10606827209468495,0.1155768429820908
DET,Utilitarianism_For_and_Against_1,1,False,0.08771261301832542,0.11491536028363863,0.10606827209468495,0.1155768429820908
DET,Descartes,0,False,0.0891167941329009,0.11459353574926542,0.10637769495406263,0.11542275498002158
DET,Descartes_2,2,False,0.0891167941329009,0.11459353574926542,0.10637769495406263,0.11542275498002158
DET,The_Sense_of_the_Past_3,3,False,0.09029100053888989,0.11452710631307204,0.10664106123306948,0.1151050768472465
DET,Philosophy_as_a_Humanistic_Discipline,0,False,0.08866489459694187,0.11428621920616407,0.10615627447438576,0.11551770962005134
DET,Morality,0,False,0.08676836861768368,0.11354488439576897,0.10483089561495434,0.11417943383141038
DET,Morality_1,1,False,0.08676836861768368,0.11354488439576897,0.10483089561495434,0.11417943383141038
DET,Philosophy_as_a_Humanistic_Discipline_1,1,False,0.08853315909833388,0.11325158617969032,0.10519850957576367,0.11381078344926684
DET,The_Sense_of_the_Past_1,1,False,0.09067007211538461,0.11315809181457351,0.10608471526768996,0.11442598187311179
DET,Ethics_and_the_Limits_of_Philosophy,0,False,0.08897497893541415,0.11299559876986538,0.10515433220547254,0.11349241891113812
DET,Ethics_and_the_Limits_of_Philosophy_2,2,False,0.08897497893541415,0.11299559876986538,0.10515433220547254,0.11349241891113812
DET,Essays_and_Reviews_1,1,True,0.08875012008838505,0.11183275047077361,0.10450906861054847,0.11294433527248672
DET,Essays_and_Reviews_2,2,True,0.08809590475894181,0.11112740835419962,0.10365714382172343,0.11174811835202886
DET,Philosophy_as_a_Humanistic_Discipline_2,2,False,0.08753240897305828,0.11101728311659066,0.10337685464672962,0.1115808718505399
DET,Essays_and_Reviews,0,True,0.08754561565761719,0.11083757443009783,0.1031543064375511,0.11107972922493828
DET,Essays_and_Reviews_3,3,True,0.08591583008321248,0.10890850266772618,0.10148147635484976,0.10962009631361064
DET,Shame_and_Necessity,0,False,0.08825560762062627,0.1080474338868719,0.10173180127899058,0.10889236232947357
DET,Shame_and_Necessity_3,3,False,0.08825560762062627,0.1080474338868719,0.10173180127899058,0.10889236232947357
NOUN,Obscenity_and_Film_Censorship,0,False,0.2198583712696004,0.22130135600080955,0.2242049800492627,0.23145521287737816
NOUN,Obscenity_and_Film_Censorship_2,2,False,0.2198583712696004,0.22130135600080955,0.2242049800492627,0.23145521287737816
NOUN,Shame_and_Necessity,0,False,0.19971736104470159,0.2008889172435059,0.2024806952389795,0.206835807428731
NOUN,Shame_and_Necessity_3,3,False,0.19971736104470159,0.2008889172435059,0.2024806952389795,0.206835807428731
NOUN,Essays_and_Reviews_2,2,True,0.19743023364340603,0.1994339505276908,0.20485037215318136,0.21768693228844724
NOUN,Essays_and_Reviews,0,True,0.19554709175979626,0.1976193296221722,0.20313878028493826,0.21624991947284625
NOUN,In_the_Beginning_Was_the_Deed_1,1,False,0.19449763176458731,0.19736046745919805,0.19979219715741336,0.20751849224845476
NOUN,Essays_and_Reviews_3,3,True,0.19450037311856722,0.19707679743163706,0.20258271068894498,0.2161709615166307
NOUN,Philosophy_as_a_Humanistic_Discipline_2,2,False,0.193833840604216,0.19518099420142992,0.19986910155598506,0.2105924698623093
NOUN,Essays_and_Reviews_1,1,True,0.19348640599481218,0.19499634910264785,0.20072409001656485,0.21368951495223457
NOUN,The_Sense_of_the_Past_2,2,False,0.1930690277464471,0.1949458991712513,0.20069134192698765,0.21405909886326452
NOUN,In_the_Beginning_Was_the_Deed,0,False,0.19313614811469856,0.19433664259927796,0.19888851909496963,0.20919276657093233
NOUN,In_the_Beginning_Was_the_Deed_3,3,False,0.19296438969195367,0.19395533196127754,0.19877457521395966,0.2094040039886477
NOUN,The_Sense_of_the_Past,0,False,0.19062276306370796,0.19244014305465565,0.19851592963725537,0.21248488279340247
NOUN,The_Sense_of_the_Past_3,3,False,0.1905245194898509,0.19216740601335305,0.19833705720577796,0.21231924611412994
NOUN,Ethics_and_the_Limits_of_Philosophy,0,False,0.1874290215041946,0.18912052057724119,0.1938921102188842,0.20512678857521685
NOUN,Ethics_and_the_Limits_of_Philosophy_2,2,False,0.1874290215041946,0.18912052057724119,0.1938921102188842,0.20512678857521685
NOUN,Philosophy_as_a_Humanistic_Discipline_3,3,False,0.18712960282758725,0.1887383483113605,0.19395853799139892,0.20600766283524904
NOUN,Truth_and_Truthfulness,0,False,0.18644930507444116,0.18835594713656387,0.1930616047516002,0.20437956204379562
NOUN,Truth_and_Truthfulness_3,3,False,0.18644930507444116,0.18835594713656387,0.1930616047516002,0.20437956204379562
NOUN,Making_Sense_of_Humanity,0,False,0.1862427663296891,0.187682423857868,0.189417143774103,0.19432624113475178
NOUN,Making_Sense_of_Humanity_3,3,False,0.1862427663296891,0.187682423857868,0.189417143774103,0.19432624113475178
NOUN,Moral_Luck,0,False,0.18401777068975336,0.18666423465839785,0.18817063759123517,0.19382990742555423
NOUN,Moral_Luck_2,2,False,0.18401777068975336,0.18666423465839785,0.18817063759123517,0.19382990742555423
NOUN,Philosophy_as_a_Humanistic_Discipline,0,False,0.18430402400189488,0.18595320069734642,0.19143943329228233,0.20406107517760577
NOUN,Descartes,0,False,0.18132965847114066,0.18330301901401763,0.18923953966079118,0.2030859414972152
NOUN,Descartes_2,2,False,0.18132965847114066,0.18330301901401763,0.18923953966079118,0.2030859414972152
NOUN,Utilitarianism_For_and_Against,0,False,0.17923580559115945,0.18179925031236985,0.18602914622555103,0.19705238277312384
NOUN,Utilitarianism_For_and_Against_1,1,False,0.17923580559115945,0.18179925031236985,0.18602914622555103,0.19705238277312384
NOUN,The_Sense_of_the_Past_1,1,False,0.17841045673076922,0.18130757133228487,0.18838536484277033,0.2054380664652568
NOUN,Morality,0,False,0.17269613947696139,0.1775718431152298,0.17901562473771607,0.18677889162095707
NOUN,Morality_1,1,False,0.17269613947696139,0.1775718431152298,0.17901562473771607,0.18677889162095707
NOUN,Problems_of_the_Self,0,False,0.17538587919927365,0.17733655824699468,0.17880242018485182,0.18368482310828715
NOUN,Problems_of_the_Self_1,1,False,0.17538587919927365,0.17733655824699468,0.17880242018485182,0.18368482310828715
NOUN,Philosophy_as_a_Humanistic_Discipline_1,1,False,0.17268866383534792,0.17458606838444204,0.18113405086068787,0.19612742036227357
NUM,Shame_and_Necessity,0,False,0.018828429653714153,0.018851103138628113,0.01932596474997045,0.020298361457569088
NUM,Shame_and_Necessity_3,3,False,0.018828429653714153,0.018851103138628113,0.01932596474997045,0.020298361457569088
NUM,The_Sense_of_the_Past_1,1,False,0.017277644230769232,0.017673930951846026,0.018221522039723718,0.01971299093655589
NUM,Descartes,0,False,0.012797756009905112,0.01609484409490257,0.01580667677539146,0.0185274302213667
NUM,Descartes_2,2,False,0.012797756009905112,0.01609484409490257,0.01580667677539146,0.0185274302213667
NUM,Obscenity_and_Film_Censorship,0,False,0.015791667937728154,0.015933232169954476,0.01612714912177426,0.016656547257640153
NUM,Obscenity_and_Film_Censorship_2,2,False,0.015791667937728154,0.015933232169954476,0.01612714912177426,0.016656547257640153
NUM,The_Sense_of_the_Past_3,3,False,0.010912520208370757,0.014243676998898778,0.013173975789377818,0.014365730160863916
NUM,Truth_and_Truthfulness,0,False,0.01097176467261442,0.014235710931830793,0.013195443409998625,0.014378854625550662
NUM,Truth_and_Truthfulness_3,3,False,0.01097176467261442,0.014235710931830793,0.013195443409998625,0.014378854625550662
NUM,The_Sense_of_the_Past,0,False,0.011049187033439002,0.014157424799938244,0.013124776207297352,0.014167716788514813
NUM,The_Sense_of_the_Past_2,2,False,0.010094743965711708,0.012975003201069868,0.01209396237982831,0.013212139972703353
NUM,Ethics_and_the_Limits_of_Philosophy,0,False,0.010156793786863025,0.012218477800489845,0.011653384426165918,0.012584881691144885
NUM,Ethics_and_the_Limits_of_Philosophy_2,2,False,0.010156793786863025,0.012218477800489845,0.011653384426165918,0.012584881691144885
NUM,Utilitarianism_For_and_Against,0,False,0.00831399175529151,0.011349437734277384,0.010575007855508911,0.012061594076957836
NUM,Utilitarianism_For_and_Against_1,1,False,0.00831399175529151,0.011349437734277384,0.010575007855508911,0.012061594076957836
NUM,Philosophy_as_a_Humanistic_Discipline_2,2,False,0.008679968436478412,0.010741015825858425,0.010208015602692662,0.011203062545741148
NUM,Making_Sense_of_Humanity,0,False,0.008565615623936224,0.010691624365482233,0.010169530771806393,0.01125135232600072
NUM,Making_Sense_of_Humanity_3,3,False,0.008565615623936224,0.010691624365482233,0.010169530771806393,0.01125135232600072
NUM,Moral_Luck,0,False,0.008771430198781113,0.01061343608568269,0.010154608494947313,0.011078959200378137
NUM,Moral_Luck_2,2,False,0.008771430198781113,0.01061343608568269,0.010154608494947313,0.011078959200378137
NUM,Philosophy_as_a_Humanistic_Discipline_3,3,False,0.00812017245844696,0.01003831417624521,0.009428587283412969,0.010127275215546737
NUM,Philosophy_as_a_Humanistic_Discipline,0,False,0.00764972673281224,0.009540329575021683,0.008952252772977358,0.009666702011098151
NUM,Problems_of_the_Self,0,False,0.00826523700404975,0.00943648243745713,0.009262967523332562,0.010087183128490803
NUM,Problems_of_the_Self_1,1,False,0.00826523700404975,0.00943648243745713,0.009262967523332562,0.010087183128490803
NUM,Essays_and_Reviews_1,1,True,0.0068978768373522915,0.008416279159140694,0.008133429809468452,0.009086133431912368
NUM,In_the_Beginning_Was_the_Deed_3,3,False,0.006038877658695348,0.008092588357852478,0.007540042165232305,0.008488660479149089
NUM,Essays_and_Reviews_2,2,True,0.006740710782026154,0.007972381762010409,0.007614362889206962,0.008129996123584322
NUM,In_the_Beginning_Was_the_Deed,0,False,0.005870399638744638,0.007874548736462093,0.007355296406823006,0.008320940845262286
NUM,Essays_and_Reviews,0,True,0.006455669097983116,0.007839903789210907,0.007466301776964679,0.008103332443700016
NUM,Philosophy_as_a_Humanistic_Discipline_1,1,False,0.0060437765436131986,0.007315241174357467,0.007203479842236209,0.00825142180873796
NUM,Essays_and_Reviews_3,3,True,0.005744617940667108,0.0072376017347714665,0.006777552242817513,0.007350437053013963
NUM,In_the_Beginning_Was_the_Deed_1,1,False,0.004534918875340119,0.0061454765262945795,0.005890661742788288,0.0069915898267301655
NUM,Morality,0,False,0.005012453300124533,0.006022028768448313,0.006179053865658615,0.007502679528403001
NUM,Morality_1,1,False,0.005012453300124533,0.006022028768448313,0.006179053865658615,0.007502679528403001
PRON,Philosophy_as_a_Humanistic_Discipline_1,1,False,0.06390742627962787,0.06459619215571014,0.07453441969188387,0.09509964064031362
PRON,Truth_and_Truthfulness,0,False,0.06368008423329206,0.06402114537444933,0.0740402056096763,0.09441938722128748
PRON,Truth_and_Truthfulness_3,3,False,0.06368008423329206,0.06402114537444933,0.0740402056096763,0.09441938722128748
PRON,Shame_and_Necessity,0,False,0.06293368278588155,0.06325560623943348,0.07108848780380844,0.08707617438611032
PRON,Shame_and_Necessity_3,3,False,0.06293368278588155,0.06325560623943348,0.07108848780380844,0.08707617438611032
PRON,The_Sense_of_the_Past_3,3,False,0.06245373964219306,0.06310884079401353,0.07299604127228082,0.09342554338063588
PRON,Essays_and_Reviews_3,3,True,0.06263480531274833,0.06299811315441156,0.07213544329908667,0.0907734114301001
PRON,Ethics_and_the_Limits_of_Philosophy,0,False,0.06251035854372687,0.06299752323679136,0.07263299567672646,0.09239110524966114
PRON,Ethics_and_the_Limits_of_Philosophy_2,2,False,0.06251035854372687,0.06299752323679136,0.07263299567672646,0.09239110524966114
PRON,Problems_of_the_Self,0,False,0.06227993763222042,0.06266921771777192,0.07316378688740888,0.09454220531223428
PRON,Problems_of_the_Self_1,1,False,0.06227993763222042,0.06266921771777192,0.07316378688740888,0.09454220531223428
PRON,Descartes,0,False,0.06179192187933984,0.06254557120774637,0.07269514621759841,0.09374794556570902
PRON,Descartes_2,2,False,0.06179192187933984,0.06254557120774637,0.07269514621759841,0.09374794556570902
PRON,Philosophy_as_a_Humanistic_Discipline_3,3,False,0.06174712643678161,0.062390706020102486,0.07305252052711252,0.09501972912445344
PRON,Philosophy_as_a_Humanistic_Discipline,0,False,0.06107517760576821,0.061709900391600306,0.07191033744183907,0.09294593432814871
PRON,The_Sense_of_the_Past,0,False,0.05846692226539382,0.0590687162324179,0.06886801680028977,0.08906841190305757
PRON,Essays_and_Reviews,0,True,0.05797034760121113,0.058350568062755674,0.06733591199499116,0.08568682032100666
PRON,Moral_Luck,0,False,0.057077967743051156,0.05755879569990538,0.06818320623811942,0.08991285527140172
PRON,Moral_Luck_2,2,False,0.057077967743051156,0.05755879569990538,0.06818320623811942,0.08991285527140172
PRON,Essays_and_Reviews_2,2,True,0.05736047522760846,0.057548363018101144,0.06651368489837266,0.08463221644940837
PRON,Morality,0,False,0.0572788600970935,0.0573184810758526,0.06831534452547768,0.09034869240348692
PRON,Morality_1,1,False,0.0572788600970935,0.0573184810758526,0.06831534452547768,0.09034869240348692
PRON,Making_Sense_of_Humanity,0,False,0.05616861000921585,0.05685279187817259,0.06676153353814027,0.08726319872703235
PRON,Making_Sense_of_Humanity_3,3,False,0.05616861000921585,0.05685279187817259,0.06676153353814027,0.08726319872703235
PRON,In_the_Beginning_Was_the_Deed_3,3,False,0.05589220423921659,0.05643214675915339,0.0659703797351318,0.08558678820702544
PRON,Utilitarianism_For_and_Against,0,False,0.05523306336681845,0.055775371373039014,0.06622880204195639,0.0876779713860117
PRON,Utilitarianism_For_and_Against_1,1,False,0.05523306336681845,0.055775371373039014,0.06622880204195639,0.0876779713860117
PRON,In_the_Beginning_Was_the_Deed,0,False,0.05493183185569468,0.05547157039711191,0.06514086464797775,0.08501919169112666
PRON,The_Sense_of_the_Past_2,2,False,0.0537495198395197,0.05431188529780079,0.06407708917766311,0.08416986239566884
PRON,Philosophy_as_a_Humanistic_Discipline_2,2,False,0.05364794606638862,0.05421381523391319,0.06313988218145182,0.08155788524405366
PRON,Essays_and_Reviews_1,1,True,0.0527073564604938,0.05349525383344222,0.06230066834949178,0.08069939475453934
PRON,The_Sense_of_the_Past_1,1,False,0.050151057401812686,0.05062532764172845,0.059834115527334225,0.07872596153846154
PRON,In_the_Beginning_Was_the_Deed_1,1,False,0.0473198905664201,0.04785412049163812,0.058564671696365735,0.080520004031039
PRON,Obscenity_and_Film_Censorship,0,False,0.04599208891329327,0.04600283343452742,0.05350766506181782,0.06852807283763278
PRON,Obscenity_and_Film_Censorship_2,2,False,0.04599208891329327,0.04600283343452742,0.05350766506181782,0.06852807283763278
PRT,Problems_of_the_Self,0,False,0.024157972636366917,0.03587847867756208,0.032837074125288294,0.03847477106193589
PRT,Problems_of_the_Self_1,1,False,0.024157972636366917,0.03587847867756208,0.032837074125288294,0.03847477106193589
PRT,Moral_Luck,0,False,0.022458076357459614,0.03344534943327448,0.030716420364510694,0.036245835302797985
PRT,Moral_Luck_2,2,False,0.022458076357459614,0.03344534943327448,0.030716420364510694,0.036245835302797985
PRT,Making_Sense_of_Humanity,0,False,0.02260469543147208,0.03324915491731252,0.030868354144523477,0.03675121208478583
PRT,Making_Sense_of_Humanity_3,3,False,0.02260469543147208,0.03324915491731252,0.030868354144523477,0.03675121208478583
PRT,Utilitarianism_For_and_Against,0,False,0.026620852422601694,0.03229170287462199,0.031138540360561146,0.03450306578445976
PRT,Utilitarianism_For_and_Against_1,1,False,0.026620852422601694,0.03229170287462199,0.031138540360561146,0.03450306578445976
PRT,Morality,0,False,0.0223407906642953,0.03206724782067248,0.029694762802052705,0.03467624992119034
PRT,Morality_1,1,False,0.0223407906642953,0.03206724782067248,0.029694762802052705,0.03467624992119034
PRT,Essays_and_Reviews_1,1,True,0.023519465047461666,0.030176858571511957,0.02826160158035983,0.031088481122105868
PRT,Ethics_and_the_Limits_of_Philosophy,0,False,0.024018205580485664,0.030136456549361913,0.029484434335378115,0.03429864087628677
PRT,Ethics_and_the_Limits_of_Philosophy_2,2,False,0.024018205580485664,0.030136456549361913,0.029484434335378115,0.03429864087628677
PRT,Truth_and_Truthfulness,0,False,0.021434361233480175,0.02951010941790811,0.02702008933769159,0.030115797361686486
PRT,Truth_and_Truthfulness_3,3,False,0.021434361233480175,0.02951010941790811,0.02702008933769159,0.030115797361686486
PRT,Obscenity_and_Film_Censorship,0,False,0.022070431086824528,0.029387961557916033,0.028582182456171158,0.03428815472377292
PRT,Obscenity_and_Film_Censorship_2,2,False,0.022070431086824528,0.029387961557916033,0.028582182456171158,0.03428815472377292
PRT,Philosophy_as_a_Humanistic_Discipline_3,3,False,0.022520262153490563,0.029379310344827585,0.028091206138713798,0.032374045917823245
PRT,Philosophy_as_a_Humanistic_Discipline_1,1,False,0.021651807583031254,0.029258029521023046,0.027739846605195493,0.032309702711532176
PRT,Philosophy_as_a_Humanistic_Discipline,0,False,0.022155641409761097,0.029185664298589757,0.027851458387067467,0.03221306945285154
PRT,Shame_and_Necessity,0,False,0.020596084936255275,0.02917769064847577,0.027243116427088626,0.03195557369653483
PRT,Shame_and_Necessity_3,3,False,0.020596084936255275,0.02917769064847577,0.027243116427088626,0.03195557369653483
PRT,Essays_and_Reviews,0,True,0.02335116026931732,0.028773502425017715,0.027683304840033437,0.030925251825765273
PRT,In_the_Beginning_Was_the_Deed_3,3,False,0.020682470716772112,0.028534171972079466,0.026572051073975186,0.030499510533073978
PRT,Essays_and_Reviews_2,2,True,0.023357316137593565,0.028360695240390157,0.02738497104663394,0.030436901761918097
PRT,Philosophy_as_a_Humanistic_Discipline_2,2,False,0.021674266734222822,0.028337999200137118,0.02715435355291425,0.03145079472438282
PRT,Essays_and_Reviews_3,3,True,0.023219465487622857,0.02830911567714837,0.027665753441681085,0.031468679160272024
PRT,In_the_Beginning_Was_the_Deed,0,False,0.020250451263537906,0.028254872801988854,0.02623467150494604,0.030198690449311356
PRT,The_Sense_of_the_Past_3,3,False,0.021839853026840526,0.02806311266766559,0.026998970721592453,0.031093946470271243
PRT,The_Sense_of_the_Past,0,False,0.02077455627037534,0.027331909528343155,0.026000720218347758,0.02989569485632478
PRT,Descartes,0,False,0.02128357686586753,0.027160963059336032,0.02680810687981759,0.031979780714249194
PRT,Descartes_2,2,False,0.02128357686586753,0.027160963059336032,0.02680810687981759,0.031979780714249194
PRT,The_Sense_of_the_Past_2,2,False,0.019417202515794065,0.027002802714507248,0.025079320489204127,0.028817956237311076
PRT,In_the_Beginning_Was_the_Deed_1,1,False,0.01682450130969172,0.026041138919850035,0.02355993644387594,0.02781416910208606
PRT,The_Sense_of_the_Past_1,1,False,0.019096832172545496,0.022960725075528703,0.02255784760833242,0.025615985576923076
VERB,Philosophy_as_a_Humanistic_Discipline_1,1,False,0.17762319976486723,0.1783077425677883,0.17878149988293554,0.18041355731615108
VERB,Problems_of_the_Self,0,False,0.17758369723435224,0.17789971481173966,0.1778365833295624,0.1780263379425953
VERB,Problems_of_the_Self_1,1,False,0.17758369723435224,0.17789971481173966,0.1778365833295624,0.1780263379425953
VERB,Ethics_and_the_Limits_of_Philosophy,0,False,0.17156383377354525,0.17169469172436533,0.17240586898276364,0.17395908145038028
VERB,Ethics_and_the_Limits_of_Philosophy_2,2,False,0.17156383377354525,0.17169469172436533,0.17240586898276364,0.17395908145038028
VERB,Obscenity_and_Film_Censorship,0,False,0.1706233555960332,0.1715022761760243,0.17173790036016612,0.17308806930844087
VERB,Obscenity_and_Film_Censorship_2,2,False,0.1706233555960332,0.1715022761760243,0.17173790036016612,0.17308806930844087
VERB,Philosophy_as_a_Humanistic_Discipline,0,False,0.17000008760633217,0.17072400452667316,0.1711154318349547,0.17262220337185877
VERB,Philosophy_as_a_Humanistic_Discipline_3,3,False,0.1688943630917081,0.16992946266701198,0.17018265456325152,0.17172413793103447
VERB,Utilitarianism_For_and_Against,0,False,0.1691550905878685,0.16930445647646813,0.17015007716053043,0.17199068441725468
VERB,Utilitarianism_For_and_Against_1,1,False,0.1691550905878685,0.16930445647646813,0.17015007716053043,0.17199068441725468
VERB,Morality,0,False,0.16827521793275219,0.16911604106212363,0.16920670741478525,0.17022886324947986
VERB,Morality_1,1,False,0.16827521793275219,0.16911604106212363,0.16920670741478525,0.17022886324947986
VERB,Making_Sense_of_Humanity,0,False,0.16858343908629442,0.1685939816484353,0.1686363218248781,0.16873154473990454
VERB,Making_Sense_of_Humanity_3,3,False,0.16858343908629442,0.1685939816484353,0.1686363218248781,0.16873154473990454
VERB,Moral_Luck,0,False,0.1679339709755013,0.167967192572763,0.16859540788992514,0.16988506012151117
VERB,Moral_Luck_2,2,False,0.1679339709755013,0.167967192572763,0.16859540788992514,0.16988506012151117
VERB,Truth_and_Truthfulness,0,False,0.16620264317180616,0.1671497447933604,0.16770222003376858,0.16975427213613922
VERB,Truth_and_Truthfulness_3,3,False,0.16620264317180616,0.1671497447933604,0.16770222003376858,0.16975427213613922
VERB,Descartes,0,False,0.16655000437483594,0.16672875623634942,0.16851881716359127,0.17227769087958836
VERB,Descartes_2,2,False,0.16655000437483594,0.16672875623634942,0.16851881716359127,0.17227769087958836
VERB,The_Sense_of_the_Past_3,3,False,0.1630057803468208,0.1637776181067002,0.1648494261641717,0.1677648800389941
VERB,In_the_Beginning_Was_the_Deed_3,3,False,0.16192799247910156,0.16283356853172637,0.16271849703574007,0.16339393009639233
VERB,In_the_Beginning_Was_the_Deed,0,False,0.16200361010830325,0.1628019869044931,0.16274250432868376,0.16342191597325492
VERB,In_the_Beginning_Was_the_Deed_1,1,False,0.16255164768719138,0.1626032641547451,0.16293288158097988,0.16364373290100315
VERB,Philosophy_as_a_Humanistic_Discipline_2,2,False,0.16057941607485063,0.16095254180037155,0.1613204185699597,0.16242929783465693
VERB,The_Sense_of_the_Past,0,False,0.15903861557377466,0.15980161570712753,0.16073632939874002,0.1633687569153179
VERB,Essays_and_Reviews_3,3,True,0.15745304007434735,0.15763907466595328,0.15856023910195285,0.16058860256555796
VERB,Essays_and_Reviews,0,True,0.15603276268916444,0.1562481491774375,0.15727530348004032,0.159544998573519
VERB,Essays_and_Reviews_2,2,True,0.15525928383337825,0.15570004874052412,0.15666920671369497,0.15904828756718248
VERB,Essays_and_Reviews_1,1,True,0.15536554904409647,0.1555282272011068,0.15664343196214248,0.1590365196412242
VERB,Shame_and_Necessity,0,False,0.15544355481833552,0.15548330198803567,0.15567705899503584,0.15610432017873638
VERB,Shame_and_Necessity_3,3,False,0.15544355481833552,0.15548330198803567,0.15567705899503584,0.15610432017873638
VERB,The_Sense_of_the_Past_2,2,False,0.1540994217050555,0.15464978569817278,0.15554199110892417,0.15787676592354422
VERB,The_Sense_of_the_Past_1,1,False,0.15217554107691156,0.15399639423076922,0.15397070552552097,0.15574018126888217
X,The_Sense_of_the_Past_1,1,False,0.0015861027190332327,0.006610576923076923,0.007400341078436728,0.01400434359320003
X,Shame_and_Necessity,0,False,0.0006981890051343746,0.004388341674370172,0.004137551617153707,0.007326124171956575
X,Shame_and_Necessity_3,3,False,0.0006981890051343746,0.004388341674370172,0.004137551617153707,0.007326124171956575
X,Moral_Luck,0,False,0.00043808579564450493,0.0032921341914905733,0.004450617566895435,0.009621632713551227
X,Moral_Luck_2,2,False,0.00043808579564450493,0.0032921341914905733,0.004450617566895435,0.009621632713551227
X,Philosophy_as_a_Humanistic_Discipline_1,1,False,0.0007889805713534304,0.0031688990525971903,0.003899222015011397,0.00773978642108357
X,Problems_of_the_Self,0,False,0.0005343718203046652,0.003012091602173318,0.004515367474893357,0.009999639002202087
X,Problems_of_the_Self_1,1,False,0.0005343718203046652,0.003012091602173318,0.004515367474893357,0.009999639002202087
X,Making_Sense_of_Humanity,0,False,0.0001522618904515767,0.002849927564341073,0.003062912559380968,0.006186548223350254
X,Making_Sense_of_Humanity_3,3,False,0.0001522618904515767,0.002849927564341073,0.003062912559380968,0.006186548223350254
X,Descartes,0,False,0.0009209583814521905,0.0027100271002710027,0.004297018298595611,0.009260069414063639
X,Descartes_2,2,False,0.0009209583814521905,0.0027100271002710027,0.004297018298595611,0.009260069414063639
X,Truth_and_Truthfulness,0,False,0.0005193437771232624,0.002488441472139353,0.0029479695324267454,0.005836123348017621
X,Truth_and_Truthfulness_3,3,False,0.0005193437771232624,0.002488441472139353,0.0029479695324267454,0.005836123348017621
X,Morality,0,False,0.0009457159069415548,0.0023349937733499375,0.0032257217026393135,0.006396455427626447
X,Morality_1,1,False,0.0009457159069415548,0.0023349937733499375,0.0032257217026393135,0.006396455427626447
X,Philosophy_as_a_Humanistic_Discipline_2,2,False,0.00022853225161400902,0.0022545372562281594,0.004299325633203859,0.010414907391769408
X,In_the_Beginning_Was_the_Deed_3,3,False,0.0002556825445526834,0.0021994228104300954,0.0025842550791985944,0.005297659882613004
X,In_the_Beginning_Was_the_Deed,0,False,0.0002724455392718893,0.002054639873560623,0.0024867360521716076,0.0051331227436823106
X,The_Sense_of_the_Past,0,False,0.0006535779533232123,0.0019224869618570406,0.0032667409965181295,0.007224158074374136
X,The_Sense_of_the_Past_3,3,False,0.0005776903218818263,0.0016885216454104544,0.0027598550055124168,0.00601335304924497
X,Philosophy_as_a_Humanistic_Discipline,0,False,0.0004329692856890397,0.001684343500802695,0.0028024824791414347,0.006290134650932569
X,Utilitarianism_For_and_Against,0,False,0.0003128367339844972,0.0014203069248622995,0.002972550038163426,0.0071845064556434815
X,Utilitarianism_For_and_Against_1,1,False,0.0003128367339844972,0.0014203069248622995,0.002972550038163426,0.0071845064556434815
X,The_Sense_of_the_Past_2,2,False,0.0005975330421545335,0.0014098804421385067,0.003286239036748184,0.007851303625951513
X,Obscenity_and_Film_Censorship,0,False,0.00018303285439736432,0.0009610520991401113,0.0014776309623847177,0.003288807933616677
X,Obscenity_and_Film_Censorship_2,2,False,0.00018303285439736432,0.0009610520991401113,0.0014776309623847177,0.003288807933616677
X,In_the_Beginning_Was_the_Deed_1,1,False,0.0004053095551727632,0.0009069837750680237,0.001713540989857279,0.0038283296393310496
X,Philosophy_as_a_Humanistic_Discipline_3,3,False,0.0003218390804597701,0.0008379164825789546,0.001886922256649462,0.0045010112069096605
X,Essays_and_Reviews_1,1,True,0.0002723894390723194,0.0007685656643289462,0.0026656251072288326,0.006955920218285231
X,Essays_and_Reviews_3,3,True,0.0002412305596548984,0.0006758374047843656,0.0018311241877577876,0.004576304598834098
X,Essays_and_Reviews,0,True,0.00018406206572856368,0.000615042574613776,0.002102208554558426,0.0055075210233329385
X,Ethics_and_the_Limits_of_Philosophy,0,False,0.0002670202382925437,0.0005128768729164377,0.0015272885755630693,0.003801968615480227
X,Ethics_and_the_Limits_of_Philosophy_2,2,False,0.0002670202382925437,0.0005128768729164377,0.0015272885755630693,0.003801968615480227
X,Essays_and_Reviews_2,2,True,9.429119215497281e-05,0.00048740524116189113,0.001997792733849199,0.005411681768230732
